EVENT_ID,CZ_NAME_STR,BEGIN_LOCATION,BEGIN_DATE,BEGIN_TIME,EVENT_TYPE,MAGNITUDE,TOR_F_SCALE,DEATHS_DIRECT,INJURIES_DIRECT,DAMAGE_PROPERTY_NUM,DAMAGE_CROPS_NUM,CZ_TIMEZONE,MAGNITUDE_TYPE,EPISODE_ID,CZ_TYPE,CZ_FIPS,INJURIES_INDIRECT,DEATHS_INDIRECT,FLOOD_CAUSE,TOR_LENGTH,TOR_WIDTH,BEGIN_LAT,BEGIN_LON,END_LAT,END_LON
613338,san jose, ,12/01/2015,0,Drought, , ,0,0,0,0,PST-8, ,102616,Z,89,0,0, , , , , , , 
605774,carquinez , ,12/01/2015,0,Drought, , ,0,0,0,0,PST-8, ,101265,Z,18,0,0, , , , , , , 
605773,sacramento, ,12/01/2015,0,Drought, , ,0,0,0,0,PST-8, ,101265,Z,17,0,0, , , , , , , 
605772,san joaquin, ,12/01/2015,0,Drought, , ,0,0,0,0,PST-8, ,101265,Z,19,0,0, , , , , , , 
605771,sacramento, ,12/01/2015,0,Drought, , ,0,0,0,0,PST-8, ,101265,Z,16,0,0, , , , , , , 
605770,sacramento, ,12/01/2015,0,Drought, , ,0,0,0,0,PST-8, ,101265,Z,15,0,0, , , , , , , 
613348,kern, ,12/01/2015,0,Drought, , ,0,0,0,0,PST-8, ,102616,Z,99,0,0, , , , , , , 
613347,indian wells, ,12/01/2015,0,Drought, , ,0,0,0,0,PST-8, ,102616,Z,98,0,0, , , , , , , 
613346,tulare, ,12/01/2015,0,Drought, , ,0,0,0,0,PST-8, ,102616,Z,97,0,0, , , , , , , 
613345,sierra, ,12/01/2015,0,Drought, , ,0,0,0,0,PST-8, ,102616,Z,96,0,0, , , , , , , 
613344,kern, ,12/01/2015,0,Drought, , ,0,0,0,0,PST-8, ,102616,Z,95,0,0, , , , , , , 
613343,tulare, ,12/01/2015,0,Drought, , ,0,0,0,0,PST-8, ,102616,Z,94,0,0, , , , , , , 
613342,sierra, ,12/01/2015,0,Drought, , ,0,0,0,0,PST-8, ,102616,Z,93,0,0, , , , , , , 
613341,san jose, ,12/01/2015,0,Drought, , ,0,0,0,0,PST-8, ,102616,Z,92,0,0, , , , , , , 
613340,san jose, ,12/01/2015,0,Drought, , ,0,0,0,0,PST-8, ,102616,Z,91,0,0, , , , , , , 
613339,san jose, ,12/01/2015,0,Drought, , ,0,0,0,0,PST-8, ,102616,Z,90,0,0, , , , , , , 
612627,plumas,EAST QUINCY,12/03/2015,800,Heavy Rain, , ,0,0,1000,0,PST-8, ,100996,C,63,0,0, , , ,39.92,-120.9,39.92,-120.9
612634,shasta co.,SHINGLETOWN ARPT,12/09/2015,600,Heavy Rain, , ,0,0,0,0,PST-8, ,100995,C,89,0,0, , , ,40.53,-121.76,40.53,-121.76
612635,shasta co.,SIMS,12/09/2015,700,Heavy Rain, , ,0,0,0,0,PST-8, ,100995,C,89,0,0, , , ,41.06,-122.36,41.06,-122.36
606288,humboldt,ARCATA,12/10/2015,1225,Hail,1.00, ,0,0,0,0,PST-8, ,101342,C,23,0,0, , , ,40.9424,-124.08,40.9424,-124.08
606309,mendocino, ,12/11/2015,1000,Coastal Flood, , ,0,0,0,0,PST-8, ,101342,Z,2,0,0, , , , , , , 
606304,redwood, ,12/11/2015,1000,Coastal Flood, , ,0,0,0,0,PST-8, ,101342,Z,1,0,0, , , , , , , 
608496,riverside,ORDWAY,12/11/2015,1400,Flood, , ,0,0,0,0,PST-8, ,101669,C,65,0,0,Heavy Rain, , ,33.9943,-117.2331,33.9879,-117.2355
608520,san diego, ,12/12/2015,800,Coastal Flood, , ,0,0,0,0,PST-8, ,101669,Z,43,0,0, , , , , , , 
608559,san diego, ,12/12/2015,800,Coastal Flood, , ,0,0,0,0,PST-8, ,101669,Z,43,0,0, , , , , , , 
608558,san diego, ,12/12/2015,800,Coastal Flood, , ,0,0,0,0,PST-8, ,101669,Z,43,0,0, , , , , , , 
608555,san diego, ,12/12/2015,800,Coastal Flood, , ,0,0,0,0,PST-8, ,101669,Z,43,0,0, , , , , , , 
608523,san diego, ,12/12/2015,800,Coastal Flood, , ,0,0,0,0,PST-8, ,101669,Z,43,0,0, , , , , , , 
612636,el dorado,PACIFIC,12/13/2015,600,Heavy Rain, , ,0,0,0,0,PST-8, ,101037,C,17,0,0, , , ,38.76,-120.5,38.76,-120.5
613366,kern,GRAPE VINE,12/13/2015,1830,Flash Flood, , ,0,0,0,0,PST-8, ,102620,C,29,0,0,Heavy Rain, , ,34.889,-118.9102,34.8886,-118.909
611419,shasta co.,SIMS,12/20/2015,800,Heavy Rain, , ,0,0,0,0,PST-8, ,102259,C,89,0,0, , , ,41.06,-122.36,41.06,-122.36
611421,el dorado,CAMINO,12/20/2015,1800,Heavy Rain, , ,0,0,0,0,PST-8, ,102259,C,17,0,0, , , ,38.72,-120.63,38.72,-120.63
611424,el dorado,GOLD HILL,12/21/2015,0,Heavy Rain, , ,0,0,0,0,PST-8, ,102259,C,17,0,0, , , ,38.76,-120.92,38.76,-120.92
611423,tuolumne,CEDAR RIDGE,12/21/2015,600,Heavy Rain, , ,0,0,0,0,PST-8, ,102259,C,109,0,0, , , ,38.06,-120.27,38.06,-120.27
611426,el dorado,PACIFIC,12/21/2015,700,Heavy Rain, , ,0,0,0,0,PST-8, ,102259,C,17,0,0, , , ,38.76,-120.5,38.76,-120.5
611425,el dorado,KYBURZ,12/21/2015,700,Heavy Rain, , ,0,0,0,0,PST-8, ,102259,C,17,0,0, , , ,38.78,-120.23,38.78,-120.23
611420,el dorado,EIGHT MILE HOUSE,12/21/2015,800,Heavy Rain, , ,0,0,0,0,PST-8, ,102259,C,17,0,0, , , ,38.76,-120.68,38.76,-120.68
611422,plumas,EAST QUINCY,12/21/2015,800,Heavy Rain, , ,0,0,0,0,PST-8, ,102259,C,63,0,0, , , ,39.92,-120.9,39.92,-120.9
613384,kern, ,12/21/2015,2000,Winter Storm, , ,0,0,0,0,PST-8, ,102623,Z,99,0,0, , , , , , , 
613386,kern,MAGUNDEN,12/22/2015,1004,Flash Flood, , ,0,0,0,0,PST-8, ,102623,C,29,0,0,Heavy Rain, , ,35.4451,-118.8213,35.4239,-118.7773
605724,north bay, ,12/23/2015,2000,Winter Storm, , ,0,0,0,0,PST-8, ,101254,Z,3,0,0, , , , , , , 
605728,trinity, ,12/23/2015,2300,Winter Storm, , ,0,0,0,0,PST-8, ,101254,Z,4,0,0, , , , , , , 
605735,mendocino, ,12/24/2015,0,Winter Storm, , ,0,0,0,0,PST-8, ,101254,Z,76,0,0, , , , , , , 
611411,stanislaus,NORTHEAST MODESTO,12/24/2015,1435,Thunderstorm Wind,87.00, ,0,0,150000,0,PST-8,EG,101296,C,99,0,0, , , ,37.674,-120.9758,37.674,-120.9758
605920,el dorado,CLARKSVILLE,12/24/2015,1500,Tornado, ,EF1,0,0,1000000,0,PST-8, ,101296,C,17,0,0, ,6.21,100,38.705,-121.1157,38.6919,-121.0018
611403,stanislaus,(MOD)MODESTO ARPT,12/24/2015,1515,Tornado, ,EF0,0,0,20000,0,PST-8, ,101296,C,99,0,0, ,0.23,30,37.619,-120.9569,37.6175,-120.9531
616925,san jose, ,01/01/2016,0,Drought, , ,0,0,0,0,PST-8, ,103238,Z,90,0,0, , , , , , , 
616923,san jose, ,01/01/2016,0,Drought, , ,0,0,0,0,PST-8, ,103238,Z,89,0,0, , , , , , , 
617463,motherlode, ,01/01/2016,0,Drought, , ,0,0,0,0,PST-8, ,103258,Z,67,0,0, , , , , , , 
617288,carquinez , ,01/01/2016,0,Drought, , ,0,0,0,0,PST-8, ,103258,Z,18,0,0, , , , , , , 
617287,sacramento, ,01/01/2016,0,Drought, , ,0,0,0,0,PST-8, ,103258,Z,17,0,0, , , , , , , 
617286,san joaquin, ,01/01/2016,0,Drought, , ,0,0,0,0,PST-8, ,103258,Z,19,0,0, , , , , , , 
617285,sacramento, ,01/01/2016,0,Drought, , ,0,0,0,0,PST-8, ,103258,Z,16,0,0, , , , , , , 
617284,sacramento, ,01/01/2016,0,Drought, , ,0,0,0,0,PST-8, ,103258,Z,15,0,0, , , , , , , 
616935,kern, ,01/01/2016,0,Drought, , ,0,0,0,0,PST-8, ,103238,Z,99,0,0, , , , , , , 
616934,indian wells, ,01/01/2016,0,Drought, , ,0,0,0,0,PST-8, ,103238,Z,98,0,0, , , , , , , 
616929,sierra, ,01/01/2016,0,Drought, , ,0,0,0,0,PST-8, ,103238,Z,93,0,0, , , , , , , 
616933,tulare, ,01/01/2016,0,Drought, , ,0,0,0,0,PST-8, ,103238,Z,97,0,0, , , , , , , 
616932,sierra, ,01/01/2016,0,Drought, , ,0,0,0,0,PST-8, ,103238,Z,96,0,0, , , , , , , 
616931,kern, ,01/01/2016,0,Drought, , ,0,0,0,0,PST-8, ,103238,Z,95,0,0, , , , , , , 
616930,tulare, ,01/01/2016,0,Drought, , ,0,0,0,0,PST-8, ,103238,Z,94,0,0, , , , , , , 
616927,san jose, ,01/01/2016,0,Drought, , ,0,0,0,0,PST-8, ,103238,Z,92,0,0, , , , , , , 
616926,san jose, ,01/01/2016,0,Drought, , ,0,0,0,0,PST-8, ,103238,Z,91,0,0, , , , , , , 
617370,shasta co.,SIMS,01/04/2016,700,Heavy Rain, , ,0,0,0,0,PST-8, ,103284,C,89,0,0, , , ,41.06,-122.36,41.06,-122.36
617372,shasta co.,REDDING,01/04/2016,800,Heavy Rain, , ,0,0,0,0,PST-8, ,103284,C,89,0,0, , , ,40.58,-122.38,40.58,-122.38
616985,sierra, ,01/04/2016,2200,Winter Storm, , ,0,0,0,0,PST-8, ,103243,Z,96,0,0, , , , , , , 
616993,tulare, ,01/04/2016,2200,Winter Storm, , ,0,0,0,0,PST-8, ,103243,Z,97,0,0, , , , , , , 
616992,sierra, ,01/04/2016,2200,Winter Storm, , ,0,0,0,0,PST-8, ,103243,Z,96,0,0, , , , , , , 
616986,sierra, ,01/04/2016,2200,Winter Storm, , ,0,0,0,0,PST-8, ,103243,Z,96,0,0, , , , , , , 
616987,sierra, ,01/04/2016,2200,Winter Storm, , ,0,0,0,0,PST-8, ,103243,Z,96,0,0, , , , , , , 
616989,sierra, ,01/04/2016,2200,Winter Storm, , ,0,0,0,0,PST-8, ,103243,Z,96,0,0, , , , , , , 
616991,sierra, ,01/04/2016,2200,Winter Storm, , ,0,0,0,0,PST-8, ,103243,Z,96,0,0, , , , , , , 
616994,tulare, ,01/04/2016,2200,Winter Storm, , ,0,0,0,0,PST-8, ,103243,Z,97,0,0, , , , , , , 
617378,sacramento,SACRAMENTO,01/05/2016,400,Flood, , ,0,0,1000,0,PST-8, ,103284,C,67,0,0,Heavy Rain, , ,38.5633,-121.4738,38.5577,-121.4766
615555,ventura co.,DULAH,01/05/2016,911,Flash Flood, , ,0,0,0,0,PST-8, ,103037,C,111,0,0,Heavy Rain / Burn Area, , ,34.3083,-119.3459,34.3062,-119.3512
615553,los angeles, ,01/05/2016,1000,Winter Storm, , ,0,0,0,0,PST-8, ,103037,Z,54,0,0, , , , , , , 
615554,ventura, ,01/05/2016,1000,Winter Storm, , ,0,0,0,0,PST-8, ,103037,Z,53,0,0, , , , , , , 
615556,los angeles,GLENDORA,01/05/2016,1230,Flash Flood, , ,0,0,0,0,PST-8, ,103037,C,37,0,0,Heavy Rain / Burn Area, , ,34.1526,-117.8708,34.1527,-117.8685
617078,san diego,OVERLOOK,01/05/2016,1500,Flood, , ,0,0,0,0,PST-8, ,103033,C,73,0,0,Heavy Rain, , ,32.7538,-117.2046,32.7731,-117.1146
617066,san diego,GLENVIEW,01/05/2016,1600,Flash Flood, , ,0,0,0,0,PST-8, ,103033,C,73,0,0,Heavy Rain, , ,32.8135,-116.9048,32.8087,-116.9053
611586,san bernardino,BANNOCK,01/06/2016,100,Flash Flood, , ,0,0,1000,0,PST-8, ,102310,C,71,0,0,Heavy Rain, , ,35.1564,-114.8461,35.1439,-114.8385
611598,san bernardino,YUCCA VLY,01/06/2016,130,Heavy Rain, , ,0,0,20000,0,PST-8, ,102310,C,71,0,0, , , ,34.12,-116.45,34.13,-116.32
608301,sonoma,SEBASTOPOL,01/06/2016,800,Flood, , ,0,0,0,0,PST-8, ,101646,C,97,0,0,Heavy Rain, , ,38.3943,-122.8368,38.3941,-122.8367
608299,monterey,SPENCE,01/06/2016,800,Flood, , ,0,0,0,0,PST-8, ,101646,C,53,0,0,Heavy Rain, , ,36.6286,-121.5845,36.6218,-121.5869
608297,san francisco,SAN FRANCISCO,01/06/2016,800,Flood, , ,0,0,0,0,PST-8, ,101646,C,75,0,0,Heavy Rain, , ,37.7748,-122.4279,37.723,-122.4165
608010,north bay, ,01/06/2016,800,Coastal Flood, , ,0,0,0,0,PST-8, ,101646,Z,506,0,0, , , , , , , 
608014,alameda,ALBANY,01/06/2016,800,Flood, , ,0,0,0,0,PST-8, ,101646,C,1,0,0,Heavy Rain, , ,37.9665,-122.3225,37.9662,-122.323
608302,san benito,DUNNEVILLE CORNERS,01/06/2016,850,Tornado, ,EF0,0,0,0,75000,PST-8, ,101646,C,69,0,0, ,0.61,20,36.9381,-121.3815,36.9402,-121.3708
614764,san benito,DUNNEVILLE CORNERS,01/06/2016,850,Tornado, ,EF0,0,0,0,0,PST-8, ,102865,C,69,0,0, ,0.67,20,36.9373,-121.3821,36.9402,-121.3705
608303,santa cruz,ELLICOTT,01/06/2016,1030,Flood, , ,0,0,0,0,PST-8, ,101646,C,87,0,0,Heavy Rain, , ,36.8835,-121.8006,36.8809,-121.7988
615557,ventura co.,DULAH,01/06/2016,1045,Flash Flood, , ,0,0,0,0,PST-8, ,103037,C,111,0,0,Heavy Rain / Burn Area, , ,34.3108,-119.3521,34.3091,-119.355
615561,ventura co.,SUSANA KNOLLS,01/06/2016,1056,Thunderstorm Wind,52.00, ,0,0,0,0,PST-8,EG,103037,C,111,0,0, , , ,34.3971,-118.9214,34.3932,-118.9202
615559,los angeles,NEWHALL,01/06/2016,1130,Flash Flood, , ,0,0,0,0,PST-8, ,103037,C,37,0,0,Heavy Rain / Burn Area, , ,34.3651,-118.5494,34.3622,-118.5488
616275,orange,SILVERADO,01/06/2016,1245,Thunderstorm Wind,52.00, ,0,0,0,0,PST-8,MG,103033,C,59,0,0, , , ,33.793,-117.7036,33.793,-117.7036
616948,san bernardino,BRYN MAWR,01/06/2016,1300,Flood, , ,0,0,0,0,PST-8, ,103033,C,71,0,0,Heavy Rain, , ,34.0362,-117.2221,34.2266,-117.4493
617064,orange,ROCHE,01/06/2016,1300,Flash Flood, , ,0,0,0,0,PST-8, ,103033,C,59,0,0,Heavy Rain, , ,33.4438,-117.6227,33.44,-117.6162
617063,orange,VILLA PARK,01/06/2016,1300,Flash Flood, , ,0,0,0,0,PST-8, ,103033,C,59,0,0,Heavy Rain, , ,33.8172,-117.788,33.8011,-117.7408
617026,orange,SAN CLEMENTE,01/06/2016,1300,Thunderstorm Wind,48.00, ,0,0,5000,0,PST-8,EG,103033,C,59,0,0, , , ,33.3901,-117.5947,33.3901,-117.5947
615558,ventura co.,PIRU,01/06/2016,1312,Flash Flood, , ,0,0,0,0,PST-8, ,103037,C,111,0,0,Heavy Rain, , ,34.4195,-118.792,34.4181,-118.7885
616278,san diego,BONSALL,01/06/2016,1315,Thunderstorm Wind,56.00, ,0,0,80000,0,PST-8,EG,103033,C,73,0,0, , , ,33.2855,-117.214,33.2855,-117.214
616277,san diego,BUENA,01/06/2016,1445,Thunderstorm Wind,43.00, ,0,0,500,0,PST-8,EG,103033,C,73,0,0, , , ,33.1896,-117.244,33.1896,-117.244
616276,san diego,PONTO,01/06/2016,1450,Thunderstorm Wind,54.00, ,0,0,0,0,PST-8,MG,103033,C,73,0,0, , , ,33.1133,-117.3088,33.1133,-117.3088
616280,san diego,POWAY,01/06/2016,1500,Thunderstorm Wind,48.00, ,0,0,20000,0,PST-8,EG,103033,C,73,0,0, , , ,32.9462,-117.1002,32.979,-117.0257
617076,san diego,SORRENTO,01/06/2016,1500,Flash Flood, , ,0,0,25000,0,PST-8, ,103033,C,73,0,0,Heavy Rain, , ,32.905,-117.2495,32.9039,-117.2022
616279,san diego,VISTA,01/06/2016,1500,Thunderstorm Wind,52.00, ,0,0,60000,0,PST-8,EG,103033,C,73,0,0, , , ,33.22,-117.25,33.22,-117.25
617077,san diego,CALAVO GARDENS,01/06/2016,1500,Flash Flood, , ,0,0,0,0,PST-8, ,103033,C,73,0,0,Heavy Rain, , ,32.7688,-116.9811,32.7804,-116.8829
616978,riverside,RIVERSIDE JCT,01/06/2016,1500,Flood, , ,0,0,0,0,PST-8, ,103033,C,65,0,0,Heavy Rain, , ,33.9818,-117.3783,33.9681,-117.3778
616281,san diego,SORRENTO,01/06/2016,1500,Thunderstorm Wind,50.00, ,0,0,50000,0,PST-8,EG,103033,C,73,0,0, , , ,32.8744,-117.1809,32.8744,-117.1809
615560,los angeles,GLENDORA,01/06/2016,1515,Flash Flood, , ,0,0,0,0,PST-8, ,103037,C,37,0,0,Heavy Rain, , ,34.2402,-117.8536,34.2316,-117.8515
616990,riverside,DESERT HOT SPGS,01/06/2016,1600,Flood, , ,0,0,0,0,PST-8, ,103033,C,65,0,0,Heavy Rain, , ,33.9411,-116.4757,33.7266,-116.2189
611600,san bernardino,YUCCA VLY ARPT,01/06/2016,1600,Flash Flood, , ,0,0,2000,0,PST-8, ,102310,C,71,0,0,Heavy Rain, , ,34.1418,-116.3709,34.139,-116.3706
617422,shasta co.,REDDING,01/12/2016,830,Heavy Rain, , ,0,0,0,0,PST-8, ,103314,C,89,0,0, , , ,40.58,-122.38,40.58,-122.38
617429,el dorado,PACIFIC,01/13/2016,700,Heavy Rain, , ,0,0,0,0,PST-8, ,103314,C,17,0,0, , , ,38.76,-120.5,38.76,-120.5
617430,shasta co.,SIMS,01/13/2016,700,Heavy Rain, , ,0,0,0,0,PST-8, ,103314,C,89,0,0, , , ,41.06,-122.36,41.06,-122.36
617426,tehama,JELLY,01/13/2016,1400,Thunderstorm Wind,52.00, ,0,0,0,0,PST-8,MG,103314,C,103,0,0, , , ,40.35,-122.19,40.35,-122.19
617437,tehama,LOS MOLINOS,01/13/2016,1400,Thunderstorm Wind,83.00, ,0,0,1000,0,PST-8,EG,103314,C,103,0,0, , , ,40.0334,-122.1072,40.0334,-122.1072
617434,tehama,LOS MOLINOS,01/13/2016,1400,Thunderstorm Wind,83.00, ,0,0,5000,0,PST-8,EG,103314,C,103,0,0, , , ,40.0467,-122.1145,40.0467,-122.1145
617431,shasta co.,SIMS,01/14/2016,700,Heavy Rain, , ,0,0,0,0,PST-8, ,103314,C,89,0,0, , , ,41.06,-122.36,41.06,-122.36
617432,el dorado,KYBURZ,01/14/2016,700,Heavy Rain, , ,0,0,0,0,PST-8, ,103314,C,17,0,0, , , ,38.78,-120.23,38.78,-120.23
617347,shasta co.,SIMS,01/16/2016,700,Heavy Rain, , ,0,0,0,0,PST-8, ,103300,C,89,0,0, , , ,41.06,-122.36,41.06,-122.36
617357,nevada,SODA SPGS,01/18/2016,800,Heavy Rain, , ,0,0,0,0,PST-8, ,103302,C,57,0,0, , , ,39.32,-120.45,39.32,-120.45
617355,shasta co.,WHISKEYTOWN,01/18/2016,1900,Heavy Rain, , ,0,0,0,0,PST-8, ,103302,C,89,0,0, , , ,40.58,-122.6,40.5817,-122.3987
617360,sacramento,(MHR)MATHER AFB,01/18/2016,2359,Heavy Rain, , ,0,0,0,0,PST-8, ,103302,C,67,0,0, , , ,38.58,-121.28,38.58,-121.28
617364,solano,VACAVILLE JCT,01/18/2016,2359,Heavy Rain, , ,0,0,0,0,PST-8, ,103302,C,95,0,0, , , ,38.33,-121.95,38.33,-121.95
617366,shasta co.,SIMS,01/19/2016,600,Heavy Rain, , ,0,0,0,0,PST-8, ,103302,C,89,0,0, , , ,41.06,-122.36,41.06,-122.36
617417,sacramento,DEL PASO HGTS,01/19/2016,930,Thunderstorm Wind,43.00, ,0,0,40000,0,PST-8,EG,103302,C,67,0,0, , , ,38.5756,-121.4991,38.5756,-121.4991
617418,sacramento,BOYD,01/19/2016,930,Thunderstorm Wind,43.00, ,0,0,10000,0,PST-8,EG,103302,C,67,0,0, , , ,38.5794,-121.3569,38.5794,-121.3569
617416,tuolumne,STANISLAUS,01/19/2016,1200,Thunderstorm Wind,43.00, ,0,0,50000,0,PST-8,EG,103302,C,109,0,0, , , ,37.7042,-120.4139,37.7049,-120.4101
617461,el dorado,KYBURZ,01/22/2016,700,Heavy Rain, , ,0,0,0,0,PST-8, ,103304,C,17,0,0, , , ,38.78,-120.23,38.78,-120.23
617460,el dorado,PACIFIC HOUSE,01/22/2016,700,Heavy Rain, , ,0,0,0,0,PST-8, ,103304,C,17,0,0, , , ,38.76,-120.53,38.76,-120.53
617462,shasta co.,CASTELLA,01/22/2016,800,Heavy Rain, , ,0,0,0,0,PST-8, ,103304,C,89,0,0, , , ,41.15,-122.32,41.15,-122.32
617410,tehama,CORNING MUNI ARPT,01/23/2016,619,Hail,1.00, ,0,0,30000,0,PST-8, ,103285,C,103,0,0, , , ,39.9566,-122.1996,40,-122.2057
617415,tehama,RICHFIELD,01/23/2016,620,Hail,1.00, ,0,0,0,0,PST-8, ,103285,C,103,0,0, , , ,40,-122.2057,40.0832,-122.216
617292,tehama,CORNING,01/23/2016,1500,Flood, , ,0,0,5000,0,PST-8, ,103285,C,103,0,0,Heavy Rain, , ,39.93,-122.18,39.9291,-122.1799
617296,tehama,RAWSON,01/23/2016,1505,Hail,3.00, ,0,0,0,0,PST-8, ,103285,C,103,0,0, , , ,40.08,-122.27,40.08,-122.27
617334,tehama,RICHFIELD,01/23/2016,1515,Hail,0.75, ,0,0,0,0,PST-8, ,103285,C,103,0,0, , , ,39.97,-122.18,39.97,-122.18
617335,tehama,CORNING,01/23/2016,1615,Hail,1.00, ,0,0,0,0,PST-8, ,103285,C,103,0,0, , , ,39.93,-122.17,39.93,-122.17
617401,el dorado,PACIFIC,01/29/2016,700,Heavy Rain, , ,0,0,0,0,PST-8, ,103307,C,17,0,0, , , ,38.76,-120.5,38.76,-120.5
617402,el dorado,KYBURZ,01/29/2016,700,Heavy Rain, , ,0,0,0,0,PST-8, ,103307,C,17,0,0, , , ,38.78,-120.23,38.78,-120.23
617404,nevada,SODA SPGS,01/29/2016,900,Heavy Rain, , ,0,0,0,0,PST-8, ,103307,C,57,0,0, , , ,39.32,-120.45,39.32,-120.45
617034,sierra, ,01/29/2016,1200,Winter Storm, , ,0,0,0,0,PST-8, ,103249,Z,96,0,0, , , , , , , 
617044,tulare, ,01/29/2016,1200,Winter Storm, , ,0,0,0,0,PST-8, ,103249,Z,97,0,0, , , , , , , 
617043,tulare, ,01/29/2016,1200,Winter Storm, , ,0,0,0,0,PST-8, ,103249,Z,97,0,0, , , , , , , 
617042,tulare, ,01/29/2016,1200,Winter Storm, , ,0,0,0,0,PST-8, ,103249,Z,97,0,0, , , , , , , 
617040,sierra, ,01/29/2016,1200,Winter Storm, , ,0,0,0,0,PST-8, ,103249,Z,96,0,0, , , , , , , 
617039,sierra, ,01/29/2016,1200,Winter Storm, , ,0,0,0,0,PST-8, ,103249,Z,96,0,0, , , , , , , 
617038,sierra, ,01/29/2016,1200,Winter Storm, , ,0,0,0,0,PST-8, ,103249,Z,96,0,0, , , , , , , 
617037,sierra, ,01/29/2016,1200,Winter Storm, , ,0,0,0,0,PST-8, ,103249,Z,96,0,0, , , , , , , 
617036,sierra, ,01/29/2016,1200,Winter Storm, , ,0,0,0,0,PST-8, ,103249,Z,96,0,0, , , , , , , 
617035,sierra, ,01/29/2016,1200,Winter Storm, , ,0,0,0,0,PST-8, ,103249,Z,96,0,0, , , , , , , 
617405,nevada,SODA SPGS,01/30/2016,300,Flood, , ,0,0,20000,0,PST-8, ,103307,C,57,0,0,Ice Jam, , ,39.32,-120.38,39.3212,-120.3793
617068,kern, ,01/31/2016,400,Winter Storm, , ,0,0,0,0,PST-8, ,103249,Z,95,0,0, , , , , , , 
615576,los angeles,DELL VLY,01/31/2016,1238,Thunderstorm Wind,60.00, ,0,0,0,0,PST-8,MG,103039,C,37,0,0, , , ,34.365,-118.6503,34.2658,-118.5521
615577,los angeles,SOUTH SAN GABRIEL,01/31/2016,1337,Thunderstorm Wind,52.00, ,0,0,0,0,PST-8,EG,103039,C,37,0,0, , , ,34.0685,-118.1362,34.0635,-118.1072
615164,orange,EAST IRVINE,01/31/2016,1345,Thunderstorm Wind,52.00, ,0,0,0,0,PST-8,EG,102850,C,59,0,0, , , ,33.6861,-117.7868,33.6861,-117.7868
615578,los angeles,(MWS)MT WILSON,01/31/2016,1353,Thunderstorm Wind,68.00, ,0,0,0,0,PST-8,MG,103039,C,37,0,0, , , ,34.3293,-118.0378,34.3197,-118.022
615524,san diego,(SAN)SAN DIEGO INTL,01/31/2016,1400,Thunderstorm Wind,52.00, ,0,0,0,0,PST-8,EG,102850,C,73,0,0, , , ,32.7121,-117.1592,32.7121,-117.1592
615571,los angeles,GLENDORA,01/31/2016,1400,Flash Flood, , ,0,0,0,0,PST-8, ,103039,C,37,0,0,Heavy Rain / Burn Area, , ,34.2675,-117.8548,34.2616,-117.8637
615242,san diego,OCEANSIDE,01/31/2016,1418,Thunderstorm Wind,52.00, ,0,0,0,0,PST-8,MG,102850,C,73,0,0, , , ,33.2068,-117.3977,33.2068,-117.3977
615243,san diego,CHULA VISTA JCT,01/31/2016,1430,Thunderstorm Wind,51.00, ,0,0,0,0,PST-8,MG,102850,C,73,0,0, , , ,32.6232,-117.1369,32.6232,-117.1369
615345,san diego,PACIFIC BEACH,01/31/2016,1430,Thunderstorm Wind,52.00, ,1,2,75000,0,PST-8,EG,102850,C,73,0,0, , , ,32.7918,-117.2384,32.7918,-117.2384
615245,san diego,CAMP ELLIOT,01/31/2016,1450,Thunderstorm Wind,59.00, ,0,0,0,0,PST-8,MG,102850,C,73,0,0, , , ,32.8355,-117.0621,32.8355,-117.0621
616518,san diego,RAMONA ARPT,01/31/2016,1453,Thunderstorm Wind,51.00, ,0,0,0,0,PST-8,MG,102850,C,73,0,0, , , ,33.0388,-116.9153,33.0388,-116.9153
616543,san bernardino,CRESTLINE,01/31/2016,1500,Flash Flood, , ,0,0,1500,0,PST-8, ,102850,C,71,0,0,Heavy Rain, , ,34.2159,-117.2947,34.2124,-117.2898
616519,san diego,SANTA YSABEL,01/31/2016,1510,Thunderstorm Wind,63.00, ,0,0,0,0,PST-8,MG,102850,C,73,0,0, , , ,33.117,-116.705,33.0478,-116.567
615248,san diego,ALPINE,01/31/2016,1520,Thunderstorm Wind,51.00, ,0,0,0,0,PST-8,MG,102850,C,73,0,0, , , ,32.8518,-116.7436,32.8518,-116.7436
616520,san diego,PINE HILLS,01/31/2016,1530,Thunderstorm Wind,61.00, ,0,0,0,0,PST-8,MG,102850,C,73,0,0, , , ,32.9898,-116.5873,32.9898,-116.5873
616532,san diego,BOULEVARD,01/31/2016,1550,Thunderstorm Wind,51.00, ,0,0,0,0,PST-8,MG,102850,C,73,0,0, , , ,32.6579,-116.2906,32.6579,-116.2906
615569,los angeles, ,01/31/2016,1800,Winter Storm, , ,0,0,0,0,PST-8, ,103039,Z,54,0,0, , , , , , , 
615570,ventura, ,01/31/2016,1800,Winter Storm, , ,0,0,0,0,PST-8, ,103039,Z,53,0,0, , , , , , , 
617074,tulare,PORTERVILLE,01/31/2016,2100,Hail,1.25, ,0,0,0,0,PST-8, ,103249,C,107,0,0, , , ,36.0702,-119.0293,36.0702,-119.0293
618316,san jose, ,02/01/2016,0,Drought, , ,0,0,0,0,PST-8, ,103458,Z,89,0,0, , , , , , , 
618319,san jose, ,02/01/2016,0,Drought, , ,0,0,0,0,PST-8, ,103458,Z,92,0,0, , , , , , , 
622060,motherlode, ,02/01/2016,0,Drought, , ,0,0,0,0,PST-8, ,103621,Z,67,0,0, , , , , , , 
622058,san joaquin, ,02/01/2016,0,Drought, , ,0,0,0,0,PST-8, ,103621,Z,19,0,0, , , , , , , 
622056,carquinez , ,02/01/2016,0,Drought, , ,0,0,0,0,PST-8, ,103621,Z,18,0,0, , , , , , , 
622055,sacramento, ,02/01/2016,0,Drought, , ,0,0,0,0,PST-8, ,103621,Z,17,0,0, , , , , , , 
622053,sacramento, ,02/01/2016,0,Drought, , ,0,0,0,0,PST-8, ,103621,Z,16,0,0, , , , , , , 
622052,sacramento, ,02/01/2016,0,Drought, , ,0,0,0,0,PST-8, ,103621,Z,15,0,0, , , , , , , 
618326,kern, ,02/01/2016,0,Drought, , ,0,0,0,0,PST-8, ,103458,Z,99,0,0, , , , , , , 
618325,indian wells, ,02/01/2016,0,Drought, , ,0,0,0,0,PST-8, ,103458,Z,98,0,0, , , , , , , 
618324,tulare, ,02/01/2016,0,Drought, , ,0,0,0,0,PST-8, ,103458,Z,97,0,0, , , , , , , 
618323,sierra, ,02/01/2016,0,Drought, , ,0,0,0,0,PST-8, ,103458,Z,96,0,0, , , , , , , 
618322,kern, ,02/01/2016,0,Drought, , ,0,0,0,0,PST-8, ,103458,Z,95,0,0, , , , , , , 
618321,tulare, ,02/01/2016,0,Drought, , ,0,0,0,0,PST-8, ,103458,Z,94,0,0, , , , , , , 
618320,sierra, ,02/01/2016,0,Drought, , ,0,0,0,0,PST-8, ,103458,Z,93,0,0, , , , , , , 
618318,san jose, ,02/01/2016,0,Drought, , ,0,0,0,0,PST-8, ,103458,Z,91,0,0, , , , , , , 
618317,san jose, ,02/01/2016,0,Drought, , ,0,0,0,0,PST-8, ,103458,Z,90,0,0, , , , , , , 
622064,shasta co.,SIMS,02/17/2016,800,Heavy Rain, , ,0,0,0,0,PST-8, ,103623,C,89,0,0, , , ,41.06,-122.36,41.06,-122.36
622307,san joaquin, ,03/01/2016,0,Drought, , ,0,0,0,0,PST-8, ,104041,Z,19,0,0, , , , , , , 
626447,kern, ,03/01/2016,0,Drought, , ,0,0,0,0,PST-8, ,104282,Z,99,0,0, , , , , , , 
626441,san jose, ,03/01/2016,0,Drought, , ,0,0,0,0,PST-8, ,104282,Z,92,0,0, , , , , , , 
622303,sacramento, ,03/01/2016,0,Drought, , ,0,0,0,0,PST-8, ,104041,Z,15,0,0, , , , , , , 
626440,san jose, ,03/01/2016,0,Drought, , ,0,0,0,0,PST-8, ,104282,Z,91,0,0, , , , , , , 
626445,sierra, ,03/01/2016,0,Drought, , ,0,0,0,0,PST-8, ,104282,Z,96,0,0, , , , , , , 
626446,indian wells, ,03/01/2016,0,Drought, , ,0,0,0,0,PST-8, ,104282,Z,98,0,0, , , , , , , 
626444,kern, ,03/01/2016,0,Drought, , ,0,0,0,0,PST-8, ,104282,Z,95,0,0, , , , , , , 
626439,san jose, ,03/01/2016,0,Drought, , ,0,0,0,0,PST-8, ,104282,Z,90,0,0, , , , , , , 
626443,tulare, ,03/01/2016,0,Drought, , ,0,0,0,0,PST-8, ,104282,Z,94,0,0, , , , , , , 
626442,sierra, ,03/01/2016,0,Drought, , ,0,0,0,0,PST-8, ,104282,Z,93,0,0, , , , , , , 
632308,san jose, ,03/01/2016,0,Drought, , ,0,0,0,0,PST-8, ,104282,Z,89,0,0, , , , , , , 
622308,motherlode, ,03/01/2016,0,Drought, , ,0,0,0,0,PST-8, ,104041,Z,67,0,0, , , , , , , 
622306,carquinez , ,03/01/2016,0,Drought, , ,0,0,0,0,PST-8, ,104041,Z,18,0,0, , , , , , , 
622304,sacramento, ,03/01/2016,0,Drought, , ,0,0,0,0,PST-8, ,104041,Z,16,0,0, , , , , , , 
632309,tulare, ,03/01/2016,0,Drought, , ,0,0,0,0,PST-8, ,104282,Z,97,0,0, , , , , , , 
622305,sacramento, ,03/01/2016,0,Drought, , ,0,0,0,0,PST-8, ,104041,Z,17,0,0, , , , , , , 
622312,tuolumne,CEDAR RIDGE,03/06/2016,600,Heavy Rain, , ,0,0,0,0,PST-8, ,104042,C,109,0,0, , , ,38.06,-120.27,38.06,-120.27
622686,ventura co.,VENTURA,03/07/2016,544,Thunderstorm Wind,56.00, ,0,0,0,0,PST-8,MG,104093,C,111,0,0, , , ,34.2567,-119.2686,34.2062,-119.1509
622685,ventura co.,DULAH,03/07/2016,610,Flash Flood, , ,0,0,0,0,PST-8, ,104093,C,111,0,0,Heavy Rain / Burn Area, , ,34.3091,-119.3557,34.304,-119.3487
627010,orange,EAST IRVINE,03/07/2016,630,Thunderstorm Wind,43.00, ,0,0,5000,0,PST-8,EG,104284,C,59,0,0, , , ,33.6834,-117.7726,33.6834,-117.7726
622687,los angeles,CARMENITA,03/07/2016,650,Thunderstorm Wind,52.00, ,0,0,0,0,PST-8,EG,104093,C,37,0,0, , , ,33.8659,-118.0469,33.8659,-118.0453
627011,orange,GALIVAN,03/07/2016,715,Lightning, , ,0,0,2000,0,PST-8, ,104284,C,59,0,0, , , ,33.5593,-117.6604,33.5593,-117.6604
624433,san diego,HARBISON CANYON,03/07/2016,1200,Thunderstorm Wind,43.00, ,0,0,2000,0,PST-8,EG,104284,C,73,0,0, , , ,32.839,-116.7974,32.8508,-116.7538
622683,los angeles, ,03/08/2016,150,Winter Storm, , ,0,0,0,0,PST-8, ,104093,Z,54,0,0, , , , , , , 
622684,ventura, ,03/08/2016,150,Winter Storm, , ,0,0,0,0,PST-8, ,104093,Z,53,0,0, , , , , , , 
626895,shasta co.,SIMS,03/11/2016,800,Heavy Rain, , ,0,0,0,0,PST-8, ,104663,C,89,0,0, , , ,41.0366,-122.3373,41.0366,-122.3373
626894,tuolumne,SONORA,03/11/2016,1000,Heavy Rain, , ,0,0,0,0,PST-8, ,104663,C,109,0,0, , , ,37.9745,-120.363,37.9745,-120.363
627013,riverside,MAY,03/11/2016,1400,Thunderstorm Wind,44.00, ,0,0,15000,0,PST-8,MG,104679,C,65,0,0, , , ,33.8781,-117.5201,33.8781,-117.5201
627020,san diego,OCEANSIDE,03/11/2016,1400,Thunderstorm Wind,36.00, ,0,0,100,0,PST-8,MG,104679,C,73,0,0, , , ,33.1943,-117.3843,33.1943,-117.3843
627021,orange,PERALTA HILLS,03/11/2016,1445,Thunderstorm Wind,48.00, ,0,0,12000,0,PST-8,EG,104679,C,59,0,0, , , ,33.8476,-117.8443,33.8476,-117.8443
627022,riverside,DESERT HOT SPGS,03/11/2016,1600,Thunderstorm Wind,69.00, ,0,0,25000,0,PST-8,MG,104679,C,65,0,0, , , ,33.948,-116.4832,33.948,-116.4832
626897,plumas,QUINCY,03/12/2016,1600,Heavy Rain, , ,0,0,0,0,PST-8, ,104663,C,63,0,0, , , ,39.9445,-120.95,39.9445,-120.95
627006,nevada,NORTH BLOOMFIELD,03/13/2016,600,Flood, , ,0,0,0,0,PST-8, ,104663,C,57,0,0,Heavy Rain, , ,39.27,-120.8634,39.27,-120.863
626901,el dorado,PACIFIC HOUSE,03/13/2016,700,Heavy Rain, , ,0,0,0,0,PST-8, ,104663,C,17,0,0, , , ,38.77,-120.53,38.77,-120.53
626902,el dorado,KYBURZ,03/13/2016,700,Heavy Rain, , ,0,0,0,0,PST-8, ,104663,C,17,0,0, , , ,38.78,-120.2257,38.78,-120.2257
632554,shasta co.,SIMS,03/20/2016,1600,Heavy Rain, , ,0,0,0,0,PST-8, ,104678,C,89,0,0, , , ,41.06,-122.36,41.06,-122.36
627007,el dorado,KYBURZ,03/20/2016,1900,Heavy Rain, , ,0,0,0,0,PST-8, ,104678,C,17,0,0, , , ,38.78,-120.2257,38.78,-120.2257
632510,el dorado,PACIFIC,03/20/2016,1900,Heavy Rain, , ,0,0,0,0,PST-8, ,104678,C,17,0,0, , , ,38.76,-120.5,38.76,-120.5
632900,sacramento, ,04/01/2016,0,Drought, , ,0,0,0,0,PST-8, ,105508,Z,15,0,0, , , , , , , 
631107,kern, ,04/01/2016,0,Drought, , ,0,0,0,0,PST-8, ,105273,Z,99,0,0, , , , , , , 
631106,indian wells, ,04/01/2016,0,Drought, , ,0,0,0,0,PST-8, ,105273,Z,98,0,0, , , , , , , 
631105,tulare, ,04/01/2016,0,Drought, , ,0,0,0,0,PST-8, ,105273,Z,97,0,0, , , , , , , 
631104,sierra, ,04/01/2016,0,Drought, , ,0,0,0,0,PST-8, ,105273,Z,96,0,0, , , , , , , 
631103,kern, ,04/01/2016,0,Drought, , ,0,0,0,0,PST-8, ,105273,Z,95,0,0, , , , , , , 
631100,tulare, ,04/01/2016,0,Drought, , ,0,0,0,0,PST-8, ,105273,Z,94,0,0, , , , , , , 
631099,sierra, ,04/01/2016,0,Drought, , ,0,0,0,0,PST-8, ,105273,Z,93,0,0, , , , , , , 
631098,san jose, ,04/01/2016,0,Drought, , ,0,0,0,0,PST-8, ,105273,Z,92,0,0, , , , , , , 
631097,san jose, ,04/01/2016,0,Drought, , ,0,0,0,0,PST-8, ,105273,Z,91,0,0, , , , , , , 
631096,san jose, ,04/01/2016,0,Drought, , ,0,0,0,0,PST-8, ,105273,Z,90,0,0, , , , , , , 
631095,san jose, ,04/01/2016,0,Drought, , ,0,0,0,0,PST-8, ,105273,Z,89,0,0, , , , , , , 
632967,motherlode, ,04/01/2016,0,Drought, , ,0,0,0,0,PST-8, ,105508,Z,67,0,0, , , , , , , 
632966,san joaquin, ,04/01/2016,0,Drought, , ,0,0,0,0,PST-8, ,105508,Z,19,0,0, , , , , , , 
632952,carquinez , ,04/01/2016,0,Drought, , ,0,0,0,0,PST-8, ,105508,Z,18,0,0, , , , , , , 
632951,sacramento, ,04/01/2016,0,Drought, , ,0,0,0,0,PST-8, ,105508,Z,17,0,0, , , , , , , 
619622,san bernardino,JIMGREY,04/08/2016,1251,Flash Flood, , ,0,0,1000,0,PST-8, ,103667,C,71,0,0,Heavy Rain, , ,34.97,-117.47,34.9683,-117.4639
619623,san bernardino,CALICO,04/08/2016,1331,Flash Flood, , ,0,0,2000,0,PST-8, ,103667,C,71,0,0,Heavy Rain, , ,35.0422,-116.888,35.0498,-116.8876
628849,san bernardino,ADELANTO EL MIRGE APT,04/08/2016,1630,Flood, , ,0,0,0,0,PST-8, ,104966,C,71,0,0,Heavy Rain, , ,34.6075,-117.5987,34.5909,-117.599
628848,san bernardino,ADELANTO HLNDALE ARP,04/08/2016,1700,Flood, , ,0,0,0,0,PST-8, ,104966,C,71,0,0,Heavy Rain, , ,34.7335,-117.4706,34.7195,-117.4645
633353,kern,SHAFTER,04/09/2016,1754,Heavy Rain, , ,0,0,0,0,PST-8, ,105516,C,29,0,0, , , ,35.4997,-119.2708,35.4997,-119.2708
633357,kern,FAMOSO-POSO AIRPORT,04/09/2016,1754,Heavy Rain, , ,0,0,0,0,PST-8, ,105516,C,29,0,0, , , ,35.6021,-119.0873,35.6021,-119.0873
633376,kern,JASTRO,04/09/2016,2100,Heavy Rain, , ,0,0,0,0,PST-8, ,105516,C,29,0,0, , , ,35.3754,-119.0444,35.3754,-119.0444
619624,san bernardino,YUCCA VLY ARPT,04/10/2016,1130,Flash Flood, , ,0,1,10000,0,PST-8, ,103667,C,71,0,0,Heavy Rain, , ,34.1439,-116.4161,34.1432,-116.4155
628839,san diego,RANCHO BERNARDO,04/10/2016,1200,Flood, , ,0,0,10000,0,PST-8, ,104966,C,73,0,0,Heavy Rain, , ,33.0231,-117.0803,33.0233,-117.0799
628842,san diego,SUNNY VISTA,04/10/2016,1215,Flood, , ,0,0,0,0,PST-8, ,104966,C,73,0,0,Heavy Rain, , ,32.6596,-117.0816,32.6598,-117.0777
619625,san bernardino,GROMMET,04/10/2016,1415,Flash Flood, , ,0,0,1000,0,PST-8, ,103667,C,71,0,0,Heavy Rain, , ,34.0902,-114.7029,34.109,-114.7213
619626,san bernardino,CALICO,04/11/2016,1547,Flash Flood, , ,0,0,5000,0,PST-8, ,103667,C,71,0,0,Heavy Rain, , ,34.9822,-116.9258,34.9482,-116.9038
628847,san diego,WARNER SPGS,04/11/2016,1600,Flash Flood, , ,0,0,350000,0,PST-8, ,104966,C,73,0,0,Heavy Rain, , ,33.2557,-116.578,33.2565,-116.5759
634101,monterey,PARAISO SPGS,04/22/2016,1600,Tornado, ,EF0,0,0,0,0,PST-8, ,104720,C,53,0,0, ,0.24,15,36.3011,-121.313,36.2985,-121.3101
633002,colusa,MAXWELL,04/24/2016,1400,Thunderstorm Wind,50.00, ,0,0,0,0,PST-8,EG,105529,C,11,0,0, , , ,39.28,-122.2,39.28,-122.2
633219,kings,STRATFORD,04/24/2016,2043,Hail,1.00, ,0,0,0,0,PST-8, ,105560,C,31,0,0, , , ,36.1886,-119.8238,36.1886,-119.8238
633223,kern,GREEN ACRES,04/24/2016,2150,Hail,1.00, ,0,0,0,0,PST-8, ,105560,C,29,0,0, , , ,35.3992,-119.0739,35.3992,-119.0739
633226,tulare,EAST TULARE VILLA,04/24/2016,2216,Hail,1.25, ,0,0,0,0,PST-8, ,105560,C,107,0,0, , , ,36.1873,-119.3225,36.1873,-119.3225
633011,stanislaus,OAKDALE,04/27/2016,1300,Hail,0.50, ,0,0,100,0,PST-8, ,105530,C,99,0,0, , , ,37.8101,-120.871,37.8101,-120.871
634102,napa,OAK KNOLL,04/27/2016,1424,Tornado, ,EF0,0,0,0,0,PST-8, ,105712,C,55,0,0, ,0.19,10,38.5126,-122.1178,38.5127,-122.1144
634103,monterey,WUNPOST,04/27/2016,1430,Hail,0.15, ,0,0,10,0,PST-8, ,105712,C,53,0,0, , , ,35.9504,-120.8606,35.9504,-120.8606
633013,stanislaus,WATERFORD,04/27/2016,1531,Tornado, ,EF0,0,0,500,0,PST-8, ,105530,C,99,0,0, ,0.1,5,37.6233,-120.756,37.6233,-120.756
633377,merced,ATWATER MUNI ARPT,04/27/2016,1845,Heavy Rain, , ,0,0,0,0,PST-8, ,105565,C,47,0,0, , , ,37.3202,-120.6021,37.3202,-120.6021
640180,sacramento, ,05/01/2016,0,Drought, , ,0,0,0,0,PST-8, ,106415,Z,16,0,0, , , , , , , 
635462,kern, ,05/01/2016,0,Drought, , ,0,0,0,0,PST-8, ,105885,Z,99,0,0, , , , , , , 
635461,indian wells, ,05/01/2016,0,Drought, , ,0,0,0,0,PST-8, ,105885,Z,98,0,0, , , , , , , 
635460,tulare, ,05/01/2016,0,Drought, , ,0,0,0,0,PST-8, ,105885,Z,97,0,0, , , , , , , 
635459,sierra, ,05/01/2016,0,Drought, , ,0,0,0,0,PST-8, ,105885,Z,96,0,0, , , , , , , 
635458,kern, ,05/01/2016,0,Drought, , ,0,0,0,0,PST-8, ,105885,Z,95,0,0, , , , , , , 
635457,tulare, ,05/01/2016,0,Drought, , ,0,0,0,0,PST-8, ,105885,Z,94,0,0, , , , , , , 
635455,sierra, ,05/01/2016,0,Drought, , ,0,0,0,0,PST-8, ,105885,Z,93,0,0, , , , , , , 
635454,san jose, ,05/01/2016,0,Drought, , ,0,0,0,0,PST-8, ,105885,Z,92,0,0, , , , , , , 
635453,san jose, ,05/01/2016,0,Drought, , ,0,0,0,0,PST-8, ,105885,Z,91,0,0, , , , , , , 
635452,san jose, ,05/01/2016,0,Drought, , ,0,0,0,0,PST-8, ,105885,Z,90,0,0, , , , , , , 
635451,san jose, ,05/01/2016,0,Drought, , ,0,0,0,0,PST-8, ,105885,Z,89,0,0, , , , , , , 
640179,sacramento, ,05/01/2016,0,Drought, , ,0,0,0,0,PST-8, ,106415,Z,15,0,0, , , , , , , 
640185,motherlode, ,05/01/2016,0,Drought, , ,0,0,0,0,PST-8, ,106415,Z,67,0,0, , , , , , , 
640184,san joaquin, ,05/01/2016,0,Drought, , ,0,0,0,0,PST-8, ,106415,Z,19,0,0, , , , , , , 
640183,carquinez , ,05/01/2016,0,Drought, , ,0,0,0,0,PST-8, ,106415,Z,18,0,0, , , , , , , 
640181,sacramento, ,05/01/2016,0,Drought, , ,0,0,0,0,PST-8, ,106415,Z,17,0,0, , , , , , , 
640192,sutter,YUBA CITY,05/05/2016,1110,Hail,1.00, ,0,0,0,0,PST-8, ,106627,C,101,0,0, , , ,39.14,-121.62,39.14,-121.62
640194,sutter,YUBA CITY,05/05/2016,1140,Hail,1.00, ,0,0,0,0,PST-8, ,106627,C,101,0,0, , , ,39.14,-121.62,39.14,-121.62
640195,sutter,YUBA CITY,05/05/2016,1150,Hail,1.25, ,0,0,0,0,PST-8, ,106627,C,101,0,0, , , ,39.14,-121.62,39.14,-121.62
640196,el dorado,KYBURZ,05/05/2016,1430,Heavy Rain, , ,0,0,0,0,PST-8, ,106627,C,17,0,0, , , ,38.78,-120.23,38.78,-120.23
639604,kern,FORD CITY,05/05/2016,1514,Heavy Rain, , ,0,0,0,0,PST-8, ,106281,C,29,0,0, , , ,35.2047,-119.4055,35.2047,-119.4055
638187,kern,MARICOPA,05/05/2016,1616,Heavy Rain, , ,0,0,0,0,PST-8, ,106281,C,29,0,0, , , ,34.9629,-119.4461,34.9629,-119.4461
639608,kern,MARICOPA,05/05/2016,1616,Hail,0.75, ,0,0,0,0,PST-8, ,106281,C,29,0,0, , , ,34.962,-119.447,34.962,-119.447
643359,santa barbara,CUYAMA,05/05/2016,1637,Flash Flood, , ,0,0,0,0,PST-8, ,107255,C,83,0,0,Heavy Rain, , ,34.9347,-119.5398,34.924,-119.5379
638193,kern,LOST HILLS,05/05/2016,1729,Heavy Rain, , ,0,0,0,0,PST-8, ,106281,C,29,0,0, , , ,35.6144,-119.7723,35.6144,-119.7723
638222,fresno ,ORO LOMA,05/05/2016,1745,Heavy Rain, , ,0,0,0,0,PST-8, ,106281,C,19,0,0, , , ,36.8507,-120.654,36.8507,-120.654
638223,fresno ,ORO LOMA,05/05/2016,1757,Heavy Rain, , ,0,0,0,0,PST-8, ,106281,C,19,0,0, , , ,36.7782,-120.6571,36.7782,-120.6571
638197,kings,CIMARRON,05/05/2016,1810,Heavy Rain, , ,0,0,0,0,PST-8, ,106281,C,31,0,0, , , ,36.2931,-119.7809,36.2931,-119.7809
639617,kings,CIMARRON,05/05/2016,1810,Heavy Rain, , ,0,0,0,0,PST-8, ,106281,C,31,0,0, , , ,36.2915,-119.7811,36.2915,-119.7811
638241,fresno ,ORO LOMA,05/05/2016,1810,Heavy Rain, , ,0,0,0,0,PST-8, ,106281,C,19,0,0, , , ,36.8503,-120.7557,36.8503,-120.7557
638244,fresno ,MENDOTA,05/05/2016,1815,Heavy Rain, , ,0,0,0,0,PST-8, ,106281,C,19,0,0, , , ,36.7535,-120.3834,36.7535,-120.3834
638214,merced,SANTA NELLA,05/05/2016,1822,Heavy Rain, , ,0,0,0,0,PST-8, ,106281,C,47,0,0, , , ,37.0982,-121.1473,37.0982,-121.1473
638217,merced,LOS BANOS,05/05/2016,1834,Heavy Rain, , ,0,0,0,0,PST-8, ,106281,C,47,0,0, , , ,37.0574,-120.8391,37.0574,-120.8391
639621,merced,SANTA NELLA,05/05/2016,1834,Lightning, , ,0,0,1000000,0,PST-8, ,106281,C,47,0,0, , , ,37.1018,-121.1383,37.1018,-121.1383
639625,merced,SANTA NELLA,05/05/2016,1835,Heavy Rain, , ,0,0,0,0,PST-8, ,106281,C,47,0,0, , , ,37.0831,-121.1018,37.0831,-121.1018
638207,fresno ,THREE FORKS,05/05/2016,1912,Heavy Rain, , ,0,0,0,0,PST-8, ,106281,C,19,0,0, , , ,36.4997,-120.3891,36.4997,-120.3891
638208,fresno ,THREE FORKS,05/05/2016,1937,Heavy Rain, , ,0,0,0,0,PST-8, ,106281,C,19,0,0, , , ,36.4431,-120.3933,36.4431,-120.3933
638221,merced,BRITO,05/05/2016,1953,Heavy Rain, , ,0,0,0,0,PST-8, ,106281,C,47,0,0, , , ,36.8928,-120.7462,36.8928,-120.7462
639655,fresno ,CALWA,05/05/2016,2250,Heavy Rain, , ,0,0,0,0,PST-8, ,106281,C,19,0,0, , , ,36.7067,-119.7732,36.7067,-119.7732
639641,fresno ,PANOCHE JCT,05/05/2016,2259,Heavy Rain, , ,0,0,0,0,PST-8, ,106281,C,19,0,0, , , ,36.5311,-120.4829,36.5311,-120.4829
635824,san diego,SOLANA BEACH,05/06/2016,630,Flood, , ,0,0,0,0,PST-8, ,105951,C,73,0,0,Heavy Rain, , ,32.9978,-117.2587,32.9983,-117.2546
635823,san diego,SAN DIEGO MUNI BROWN,05/06/2016,900,Flood, , ,0,0,10000,0,PST-8, ,105951,C,73,0,0,Heavy Rain, , ,32.561,-116.9635,32.5611,-116.962
638291,fresno ,DEVILS DEN,05/06/2016,1436,Heavy Rain, , ,0,0,0,0,PST-8, ,106281,C,19,0,0, , , ,36.6045,-120.5857,36.6045,-120.5857
638294,fresno ,THREE FORKS,05/06/2016,1441,Heavy Rain, , ,0,0,0,0,PST-8, ,106281,C,19,0,0, , , ,36.4352,-120.3932,36.4352,-120.3932
638322,fresno ,TRANQUILITY,05/06/2016,1510,Heavy Rain, , ,0,0,0,0,PST-8, ,106281,C,19,0,0, , , ,36.6463,-120.2319,36.6463,-120.2319
643360,san luis obispo,CHOLAME,05/06/2016,1524,Flash Flood, , ,0,0,0,0,PST-8, ,107255,C,79,0,0,Heavy Rain, , ,35.7533,-120.2364,35.7627,-120.2656
638323,fresno ,THREE FORKS,05/06/2016,1615,Heavy Rain, , ,0,0,0,0,PST-8, ,106281,C,19,0,0, , , ,36.443,-120.3933,36.443,-120.3933
638324,fresno ,TRANQUILITY,05/06/2016,1631,Heavy Rain, , ,0,0,0,0,PST-8, ,106281,C,19,0,0, , , ,36.6474,-120.2545,36.6474,-120.2545
639592,fresno ,(FCH) CHANDLER AF,05/06/2016,1635,Heavy Rain, , ,0,0,0,0,PST-8, ,106281,C,19,0,0, , , ,36.7436,-119.8003,36.7436,-119.8003
638327,fresno ,DEVILS DEN,05/06/2016,1640,Heavy Rain, , ,0,0,0,0,PST-8, ,106281,C,19,0,0, , , ,36.2942,-120.2691,36.2942,-120.2691
639593,fresno ,(FCH) CHANDLER AF,05/06/2016,1656,Heavy Rain, , ,0,0,0,0,PST-8, ,106281,C,19,0,0, , , ,36.741,-119.8119,36.741,-119.8119
639596,fresno ,(FCH) CHANDLER AF,05/06/2016,1710,Heavy Rain, , ,0,0,0,0,PST-8, ,106281,C,19,0,0, , , ,36.7491,-119.8237,36.7491,-119.8237
638286,kern,KECKS CORNER,05/06/2016,1713,Heavy Rain, , ,0,0,0,0,PST-8, ,106281,C,29,0,0, , , ,35.6711,-120.0822,35.6711,-120.0822
639598,fresno ,(FCH) CHANDLER AF,05/06/2016,1729,Heavy Rain, , ,0,0,0,0,PST-8, ,106281,C,19,0,0, , , ,36.7561,-119.8285,36.7561,-119.8285
635827,san bernardino,ONTARIO,05/06/2016,2330,Flood, , ,0,0,0,0,PST-8, ,105951,C,71,0,0,Heavy Rain, , ,34.0754,-117.6216,34.0784,-117.6265
635826,san bernardino,(ONT)ONTARIO ITNL AR,05/07/2016,30,Flash Flood, , ,0,0,30000,0,PST-8, ,105951,C,71,0,0,Heavy Rain, , ,34.0425,-117.6303,34.0427,-117.6271
635828,san bernardino,(ONT)ONTARIO ITNL AR,05/07/2016,45,Flood, , ,0,0,0,0,PST-8, ,105951,C,71,0,0,Heavy Rain, , ,34.0272,-117.6336,34.0273,-117.6323
635830,san bernardino,(ONT)ONTARIO ITNL AR,05/07/2016,100,Flash Flood, , ,0,0,0,0,PST-8, ,105951,C,71,0,0,Heavy Rain, , ,34.0315,-117.616,34.0318,-117.6058
635834,san bernardino,(ONT)ONTARIO ITNL AR,05/07/2016,100,Heavy Rain, , ,0,0,30000,0,PST-8, ,105951,C,71,0,0, , , ,34.0398,-117.6006,34.0398,-117.6006
641541,san jose, ,06/01/2016,0,Drought, , ,0,0,0,0,PST-8, ,106889,Z,89,0,0, , , , , , , 
647041,carquinez , ,06/01/2016,0,Drought, , ,0,0,0,0,PST-8, ,107997,Z,18,0,0, , , , , , , 
647040,sacramento, ,06/01/2016,0,Drought, , ,0,0,0,0,PST-8, ,107997,Z,17,0,0, , , , , , , 
647039,sacramento, ,06/01/2016,0,Drought, , ,0,0,0,0,PST-8, ,107997,Z,16,0,0, , , , , , , 
647038,sacramento, ,06/01/2016,0,Drought, , ,0,0,0,0,PST-8, ,107997,Z,15,0,0, , , , , , , 
647043,motherlode, ,06/01/2016,0,Drought, , ,0,0,0,0,PST-8, ,107997,Z,67,0,0, , , , , , , 
647042,san joaquin, ,06/01/2016,0,Drought, , ,0,0,0,0,PST-8, ,107997,Z,19,0,0, , , , , , , 
641551,kern, ,06/01/2016,0,Drought, , ,0,0,0,0,PST-8, ,106889,Z,99,0,0, , , , , , , 
641550,indian wells, ,06/01/2016,0,Drought, , ,0,0,0,0,PST-8, ,106889,Z,98,0,0, , , , , , , 
641549,tulare, ,06/01/2016,0,Drought, , ,0,0,0,0,PST-8, ,106889,Z,97,0,0, , , , , , , 
641548,sierra, ,06/01/2016,0,Drought, , ,0,0,0,0,PST-8, ,106889,Z,96,0,0, , , , , , , 
641547,kern, ,06/01/2016,0,Drought, , ,0,0,0,0,PST-8, ,106889,Z,95,0,0, , , , , , , 
641546,tulare, ,06/01/2016,0,Drought, , ,0,0,0,0,PST-8, ,106889,Z,94,0,0, , , , , , , 
641545,sierra, ,06/01/2016,0,Drought, , ,0,0,0,0,PST-8, ,106889,Z,93,0,0, , , , , , , 
641544,san jose, ,06/01/2016,0,Drought, , ,0,0,0,0,PST-8, ,106889,Z,92,0,0, , , , , , , 
641543,san jose, ,06/01/2016,0,Drought, , ,0,0,0,0,PST-8, ,106889,Z,91,0,0, , , , , , , 
641542,san jose, ,06/01/2016,0,Drought, , ,0,0,0,0,PST-8, ,106889,Z,90,0,0, , , , , , , 
637328,tulare, ,06/01/2016,1430,Wildfire, , ,0,0,0,0,PST-8, ,106160,Z,97,0,0, , , , , , , 
629972,siskiyou,WEED ARPT,06/05/2016,2120,Thunderstorm Wind,52.00, ,0,0,0,0,PST-8,MG,105104,C,93,0,0, , , ,41.47,-122.45,41.47,-122.45
630794,siskiyou, ,06/07/2016,145,Wildfire, , ,0,0,0,0,PST-8, ,105242,Z,80,0,0, , , , , , , 
630346,inyo,BISHOP,06/11/2016,2120,Lightning, , ,0,0,1000,0,PST-8, ,105199,C,27,0,0, , , ,37.3838,-118.4436,37.3838,-118.4436
645579,santa barbara, ,06/15/2016,1415,Wildfire, , ,0,0,0,0,PST-8, ,107256,Z,52,0,0, , , , , , , 
644664,san diego, ,06/19/2016,1200,Wildfire, , ,2,0,4000000,0,PST-8, ,107567,Z,50,0,0, , , , , , , 
645581,los angeles, ,06/20/2016,1000,Wildfire, , ,0,0,0,0,PST-8, ,107731,Z,54,0,0, , , , , , , 
647062,indian wells, ,06/20/2016,1200,Excessive Heat, , ,0,0,0,0,PST-8, ,108010,Z,98,0,0, , , , , , , 
647063,indian wells, ,06/20/2016,1200,Excessive Heat, , ,0,0,0,0,PST-8, ,108010,Z,98,0,0, , , , , , , 
647064,indian wells, ,06/20/2016,1200,Excessive Heat, , ,0,0,0,0,PST-8, ,108010,Z,98,0,0, , , , , , , 
647065,indian wells, ,06/20/2016,1200,Excessive Heat, , ,0,0,0,0,PST-8, ,108010,Z,98,0,0, , , , , , , 
647066,indian wells, ,06/20/2016,1200,Excessive Heat, , ,0,0,0,0,PST-8, ,108010,Z,98,0,0, , , , , , , 
647067,indian wells, ,06/20/2016,1200,Excessive Heat, , ,0,0,0,0,PST-8, ,108010,Z,98,0,0, , , , , , , 
647068,indian wells, ,06/20/2016,1200,Excessive Heat, , ,0,0,0,0,PST-8, ,108010,Z,98,0,0, , , , , , , 
647069,indian wells, ,06/20/2016,1200,Excessive Heat, , ,0,0,0,0,PST-8, ,108010,Z,98,0,0, , , , , , , 
647070,kern, ,06/20/2016,1200,Excessive Heat, , ,0,0,0,0,PST-8, ,108010,Z,99,0,0, , , , , , , 
647071,kern, ,06/20/2016,1200,Excessive Heat, , ,0,0,0,0,PST-8, ,108010,Z,99,0,0, , , , , , , 
647072,kern, ,06/20/2016,1200,Excessive Heat, , ,0,0,0,0,PST-8, ,108010,Z,99,0,0, , , , , , , 
647073,kern, ,06/20/2016,1200,Excessive Heat, , ,0,0,0,0,PST-8, ,108010,Z,99,0,0, , , , , , , 
647074,kern, ,06/20/2016,1200,Excessive Heat, , ,0,0,0,0,PST-8, ,108010,Z,99,0,0, , , , , , , 
637349,kern, ,06/23/2016,1400,Wildfire, , ,2,0,0,0,PST-8, ,106161,Z,95,0,0, , , , , , , 
647044,motherlode, ,06/28/2016,0,Wildfire, , ,0,0,0,0,PST-8, ,108000,Z,67,0,0, , , , , , , 
643038,inyo,DEEP SPGS,06/29/2016,1730,Flash Flood, , ,0,0,1000,0,PST-8, ,107187,C,27,0,0,Heavy Rain, , ,37.3787,-117.9959,37.3803,-117.9934
645580,ventura, ,06/30/2016,845,Wildfire, , ,0,0,0,0,PST-8, ,107256,Z,53,0,0, , , , , , , 
644969,san bernardino,BANNOCK,06/30/2016,1751,Flash Flood, , ,0,0,2000,0,PST-8, ,107187,C,71,0,0,Heavy Rain, , ,34.9372,-114.8337,34.9475,-114.8365
644995,san bernardino,IBIS,06/30/2016,1830,Flash Flood, , ,0,0,10000,0,PST-8, ,107187,C,71,0,0,Heavy Rain, , ,35.0444,-114.6882,35.0382,-114.7093
644972,inyo,BEATTY JCT,06/30/2016,2230,Flash Flood, , ,0,0,5000,0,PST-8, ,107187,C,27,0,0,Heavy Rain, , ,36.593,-116.9455,36.5842,-116.9488
646615,inyo,DEATH VLY JCT,07/01/2016,0,Flash Flood, , ,0,0,2000,0,PST-8, ,107930,C,27,0,0,Heavy Rain, , ,36.2876,-116.4798,36.1734,-116.12
647732,kern, ,07/01/2016,0,Drought, , ,0,0,0,0,PST-8, ,108100,Z,99,0,0, , , , , , , 
647731,indian wells, ,07/01/2016,0,Drought, , ,0,0,0,0,PST-8, ,108100,Z,98,0,0, , , , , , , 
647730,tulare, ,07/01/2016,0,Drought, , ,0,0,0,0,PST-8, ,108100,Z,97,0,0, , , , , , , 
647729,sierra, ,07/01/2016,0,Drought, , ,0,0,0,0,PST-8, ,108100,Z,96,0,0, , , , , , , 
647728,kern, ,07/01/2016,0,Drought, , ,0,0,0,0,PST-8, ,108100,Z,95,0,0, , , , , , , 
647727,tulare, ,07/01/2016,0,Drought, , ,0,0,0,0,PST-8, ,108100,Z,94,0,0, , , , , , , 
647726,sierra, ,07/01/2016,0,Drought, , ,0,0,0,0,PST-8, ,108100,Z,93,0,0, , , , , , , 
647725,san jose, ,07/01/2016,0,Drought, , ,0,0,0,0,PST-8, ,108100,Z,92,0,0, , , , , , , 
647724,san jose, ,07/01/2016,0,Drought, , ,0,0,0,0,PST-8, ,108100,Z,91,0,0, , , , , , , 
647723,san jose, ,07/01/2016,0,Drought, , ,0,0,0,0,PST-8, ,108100,Z,90,0,0, , , , , , , 
647722,san jose, ,07/01/2016,0,Drought, , ,0,0,0,0,PST-8, ,108100,Z,89,0,0, , , , , , , 
650498,san joaquin, ,07/01/2016,0,Drought, , ,0,0,0,0,PST-8, ,108059,Z,19,0,0, , , , , , , 
650497,motherlode, ,07/01/2016,0,Drought, , ,0,0,0,0,PST-8, ,108059,Z,67,0,0, , , , , , , 
650493,motherlode, ,07/01/2016,0,Wildfire, , ,0,0,0,0,PST-8, ,108589,Z,67,0,0, , , , , , , 
645584,los angeles, ,07/01/2016,0,Wildfire, , ,0,0,0,0,PST-8, ,107732,Z,54,0,0, , , , , , , 
645583,santa barbara, ,07/01/2016,0,Wildfire, , ,0,0,0,0,PST-8, ,107732,Z,52,0,0, , , , , , , 
645582,santa barbara, ,07/01/2016,0,Wildfire, , ,0,0,0,0,PST-8, ,107732,Z,52,0,0, , , , , , , 
644845,kern, ,07/01/2016,0,Wildfire, , ,0,0,0,0,PST-8, ,107604,Z,95,0,0, , , , , , , 
646616,san bernardino,BANNOCK,07/01/2016,413,Flash Flood, , ,0,0,1000,0,PST-8, ,107930,C,71,0,0,Heavy Rain, , ,35.0375,-114.8337,35.0282,-114.827
644848,kern, ,07/01/2016,1300,Wildfire, , ,0,0,0,0,PST-8, ,107605,Z,95,0,0, , , , , , , 
652419,san bernardino,BALDWIN LAKE,07/01/2016,1330,Flood, , ,0,0,0,0,PST-8, ,108917,C,71,0,0,Heavy Rain, , ,34.2656,-116.7906,34.2655,-116.7849
646617,san bernardino,BARSTOW,07/01/2016,1525,Hail,1.75, ,0,0,0,0,PST-8, ,107930,C,71,0,0, , , ,34.8773,-117.0476,34.8533,-117.0435
646621,san bernardino,BARSTOW,07/01/2016,1525,Flash Flood, , ,0,0,100000,0,PST-8, ,107930,C,71,0,0,Heavy Rain, , ,34.8768,-117.0473,34.8788,-117.0098
646620,san bernardino,BARSTOW,07/01/2016,1525,Flash Flood, , ,0,0,100000,0,PST-8, ,107930,C,71,0,0,Heavy Rain, , ,34.8768,-117.0473,34.8788,-117.0098
644866,san jose, ,07/01/2016,1616,Wildfire, , ,0,0,0,0,PST-8, ,107606,Z,89,0,0, , , , , , , 
652422,san bernardino,HELENDALE,07/01/2016,1710,Flash Flood, , ,0,0,10000,0,PST-8, ,108917,C,71,0,0,Heavy Rain, , ,34.6703,-117.3454,34.6939,-117.3434
646625,inyo,BEATTY JCT,07/01/2016,2014,Flash Flood, , ,0,0,5000,0,PST-8, ,107930,C,27,0,0,Heavy Rain, , ,36.609,-117.001,36.5604,-116.9213
646627,inyo,DOLOMITE,07/01/2016,2100,Thunderstorm Wind,52.00, ,0,0,75000,0,PST-8,EG,107930,C,27,0,0, , , ,36.703,-117.818,36.3766,-116.6917
646628,san bernardino,(EED)NEEDLES ARPT,07/02/2016,56,Thunderstorm Wind,51.00, ,0,0,0,0,PST-8,MG,107930,C,71,0,0, , , ,34.77,-114.62,34.77,-114.62
645586,los angeles, ,07/09/2016,1104,Wildfire, , ,0,0,0,0,PST-8, ,107733,Z,54,0,0, , , , , , , 
652430,san bernardino, ,07/18/2016,1300,Wildfire, , ,0,1,50000,0,PST-8, ,108919,Z,48,0,0, , , , , , , 
652443,san diego, ,07/21/2016,1530,Wildfire, , ,0,0,0,0,PST-8, ,108921,Z,50,0,0, , , , , , , 
645585,los angeles, ,07/22/2016,1315,Wildfire, , ,0,0,0,0,PST-8, ,107733,Z,54,0,0, , , , , , , 
649295,indian wells, ,07/29/2016,1000,Excessive Heat, , ,0,0,0,0,PST-8, ,108172,Z,98,0,0, , , , , , , 
649294,kern, ,07/29/2016,1000,Excessive Heat, , ,0,0,0,0,PST-8, ,108172,Z,99,0,0, , , , , , , 
649293,kern, ,07/29/2016,1000,Excessive Heat, , ,0,0,0,0,PST-8, ,108172,Z,99,0,0, , , , , , , 
649292,kern, ,07/29/2016,1000,Excessive Heat, , ,0,0,0,0,PST-8, ,108172,Z,99,0,0, , , , , , , 
649296,indian wells, ,07/29/2016,1000,Excessive Heat, , ,0,0,0,0,PST-8, ,108172,Z,98,0,0, , , , , , , 
646649,inyo,BISHOP,07/29/2016,1540,Thunderstorm Wind,48.00, ,0,0,1000,0,PST-8,EG,107937,C,27,0,0, , , ,37.3762,-118.4377,37.3762,-118.4377
649300,kern, ,07/30/2016,1000,Excessive Heat, , ,0,0,0,0,PST-8, ,108172,Z,99,0,0, , , , , , , 
649301,kern, ,07/30/2016,1000,Excessive Heat, , ,0,0,0,0,PST-8, ,108172,Z,99,0,0, , , , , , , 
649299,kern, ,07/30/2016,1000,Excessive Heat, , ,0,0,0,0,PST-8, ,108172,Z,99,0,0, , , , , , , 
649298,indian wells, ,07/30/2016,1000,Excessive Heat, , ,0,0,0,0,PST-8, ,108172,Z,98,0,0, , , , , , , 
649297,indian wells, ,07/30/2016,1000,Excessive Heat, , ,0,0,0,0,PST-8, ,108172,Z,98,0,0, , , , , , , 
644876,sierra, ,07/30/2016,1540,Wildfire, , ,0,0,0,0,PST-8, ,107609,Z,93,0,0, , , , , , , 
646652,inyo,BISHOP,07/31/2016,1700,Flash Flood, , ,0,0,1000,0,PST-8, ,107937,C,27,0,0,Heavy Rain, , ,37.386,-118.4153,37.3861,-118.4142
656692,sierra, ,08/01/2016,0,Wildfire, , ,0,0,0,0,PST-8, ,109775,Z,93,0,0, , , , , , , 
650757,san joaquin, ,08/01/2016,0,Drought, , ,0,0,0,0,PST-8, ,108594,Z,19,0,0, , , , , , , 
650505,motherlode, ,08/01/2016,0,Drought, , ,0,0,0,0,PST-8, ,108594,Z,67,0,0, , , , , , , 
648136,kern, ,08/01/2016,0,Drought, , ,0,0,0,0,PST-8, ,108188,Z,99,0,0, , , , , , , 
648135,indian wells, ,08/01/2016,0,Drought, , ,0,0,0,0,PST-8, ,108188,Z,98,0,0, , , , , , , 
648134,tulare, ,08/01/2016,0,Drought, , ,0,0,0,0,PST-8, ,108188,Z,97,0,0, , , , , , , 
648133,sierra, ,08/01/2016,0,Drought, , ,0,0,0,0,PST-8, ,108188,Z,96,0,0, , , , , , , 
648132,kern, ,08/01/2016,0,Drought, , ,0,0,0,0,PST-8, ,108188,Z,95,0,0, , , , , , , 
648131,tulare, ,08/01/2016,0,Drought, , ,0,0,0,0,PST-8, ,108188,Z,94,0,0, , , , , , , 
648129,sierra, ,08/01/2016,0,Drought, , ,0,0,0,0,PST-8, ,108188,Z,93,0,0, , , , , , , 
648128,san jose, ,08/01/2016,0,Drought, , ,0,0,0,0,PST-8, ,108188,Z,92,0,0, , , , , , , 
648127,san jose, ,08/01/2016,0,Drought, , ,0,0,0,0,PST-8, ,108188,Z,91,0,0, , , , , , , 
648126,san jose, ,08/01/2016,0,Drought, , ,0,0,0,0,PST-8, ,108188,Z,90,0,0, , , , , , , 
648124,san jose, ,08/01/2016,0,Drought, , ,0,0,0,0,PST-8, ,108188,Z,89,0,0, , , , , , , 
652808,los angeles, ,08/01/2016,0,Wildfire, , ,0,0,0,0,PST-8, ,108973,Z,54,0,0, , , , , , , 
649593,san bernardino,ESSEX,08/01/2016,1730,Flash Flood, , ,0,0,2000,0,PST-8, ,108103,C,71,0,0,Heavy Rain, , ,34.7542,-115.2239,34.753,-115.2257
649594,san bernardino,VIDAL,08/02/2016,353,Flash Flood, , ,0,0,1000,0,PST-8, ,108103,C,71,0,0,Heavy Rain, , ,34.1824,-114.4432,34.189,-114.4472
649595,san bernardino,ELORA STATION,08/02/2016,1410,Flash Flood, , ,0,0,1000,0,PST-8, ,108103,C,71,0,0,Heavy Rain, , ,35.1417,-115.5302,35.135,-115.5349
649596,san bernardino,NEBO,08/02/2016,1542,Flash Flood, , ,0,0,5000,0,PST-8, ,108103,C,71,0,0,Heavy Rain, , ,34.7509,-115.7767,35.1477,-116.0925
649597,san bernardino,KELSO,08/02/2016,1544,Lightning, , ,0,0,10000,0,PST-8, ,108103,C,71,0,0, , , ,35.0116,-115.6537,35.0116,-115.6537
649598,san bernardino,JAVA,08/03/2016,1829,Flash Flood, , ,0,0,25000,0,PST-8, ,108103,C,71,0,0,Heavy Rain, , ,34.89,-114.6448,34.8892,-114.6448
649604,san bernardino,WHEATON SPGS,08/04/2016,129,Flash Flood, , ,0,0,2000,0,PST-8, ,108103,C,71,0,0,Heavy Rain, , ,35.4705,-115.4502,35.4689,-115.4438
656741,san bernardino,LUCERNE VLY,08/04/2016,1300,Flash Flood, , ,0,0,0,0,PST-8, ,109801,C,71,0,0,Heavy Rain, , ,34.4211,-117.0401,34.4444,-117.0229
649614,san bernardino,OLD DALE,08/04/2016,1300,Thunderstorm Wind,43.00, ,0,0,1000,0,PST-8,EG,108103,C,71,0,0, , , ,34.12,-115.85,34.12,-115.85
649621,san bernardino,(NXP)MCAF TWENTYNINE,08/04/2016,1300,Flash Flood, , ,0,0,1000,0,PST-8, ,108103,C,71,0,0,Heavy Rain, , ,34.1201,-115.8974,34.1339,-115.9133
649632,san bernardino,ESSEX,08/04/2016,1746,Flash Flood, , ,0,0,5000,0,PST-8, ,108103,C,71,0,0,Heavy Rain, , ,34.7553,-115.2247,34.7533,-115.2264
649638,san bernardino,ESSEX,08/04/2016,1900,Flash Flood, , ,0,0,1000,0,PST-8, ,108103,C,71,0,0,Heavy Rain, , ,34.73,-115.25,34.7994,-115.3259
649646,san bernardino,VIDAL JCT ARPT,08/04/2016,2041,Flash Flood, , ,0,0,5000,0,PST-8, ,108103,C,71,0,0,Heavy Rain, , ,34.1812,-114.5421,34.0585,-114.7124
645207,siskiyou,KLAMATH RIVER,08/05/2016,1610,Hail,1.00, ,0,0,0,0,PST-8, ,107669,C,93,0,0, , , ,41.86,-122.82,41.86,-122.82
656758,san bernardino, ,08/07/2016,1106,Wildfire, , ,0,0,0,0,PST-8, ,109807,Z,55,0,0, , , , , , , 
656695,san jose, ,08/09/2016,1208,Wildfire, , ,0,0,0,0,PST-8, ,109777,Z,89,0,0, , , , , , , 
652811,san luis obispo, ,08/13/2016,1303,Wildfire, , ,0,0,0,0,PST-8, ,108974,Z,37,0,0, , , , , , , 
650756,lake, ,08/13/2016,1700,Wildfire, , ,0,0,1500000,0,PST-8, ,108651,Z,64,0,0, , , , , , , 
656752,san bernardino, ,08/16/2016,938,Wildfire, , ,0,0,50000000,0,PST-8, ,109803,Z,55,2,0, , , , , , , 
656693,kern, ,08/16/2016,1530,Wildfire, , ,0,0,0,0,PST-8, ,109776,Z,95,0,0, , , , , , , 
656694,tulare, ,08/16/2016,1530,Wildfire, , ,0,0,0,0,PST-8, ,109776,Z,97,0,0, , , , , , , 
652812,santa barbara, ,08/18/2016,1215,Wildfire, , ,0,0,0,0,PST-8, ,108974,Z,52,0,0, , , , , , , 
649672,san bernardino,HAVASU LAKE,08/18/2016,1623,Flash Flood, , ,0,0,1000,0,PST-8, ,108107,C,71,0,0,Heavy Rain, , ,34.53,-114.65,34.5302,-114.6468
649674,san bernardino,(EED)NEEDLES ARPT,08/18/2016,1650,Flash Flood, , ,0,0,25000,0,PST-8, ,108107,C,71,0,0,Heavy Rain, , ,34.7294,-114.6046,34.7299,-114.5998
647649,riverside,MESAVILLE,08/21/2016,300,Flood, , ,0,0,0,0,PST-8, ,108094,C,65,0,0,Heavy Rain, , ,33.7769,-114.5531,33.7757,-114.4748
649678,san bernardino,VIDAL JCT ARPT,08/21/2016,343,Flash Flood, , ,0,0,2000,0,PST-8, ,108107,C,71,0,0,Heavy Rain, , ,34.1866,-114.5963,34.23,-114.6547
649907,san bernardino,KLINEFELTER,08/22/2016,1828,Flash Flood, , ,0,0,1000,0,PST-8, ,108110,C,71,0,0,Heavy Rain, , ,34.88,-114.76,34.893,-114.7659
649910,san bernardino,DAWES,08/22/2016,2030,Flash Flood, , ,0,0,2000,0,PST-8, ,108110,C,71,0,0,Heavy Rain, , ,35.0972,-115.5642,35.0932,-115.5504
646768,siskiyou, ,08/24/2016,1355,Wildfire, , ,0,0,0,0,PST-8, ,107955,Z,81,0,0, , , , , , , 
655107,san bernardino,BAKER,08/26/2016,1958,Flash Flood, , ,0,0,5000,0,PST-8, ,108113,C,71,0,0,Heavy Rain, , ,35.4748,-116.1609,35.4515,-116.156
655108,san bernardino,(EED)NEEDLES ARPT,08/26/2016,2044,Thunderstorm Wind,75.00, ,0,0,100000,0,PST-8,MG,108113,C,71,0,0, , , ,34.7615,-114.624,34.8498,-114.6085
655109,san bernardino,(EED)NEEDLES ARPT,08/26/2016,2102,Flash Flood, , ,0,0,50000,0,PST-8, ,108113,C,71,0,0,Heavy Rain, , ,34.7767,-114.6044,34.7579,-114.6025
655110,san bernardino,VIDAL JCT ARPT,08/27/2016,233,Flash Flood, , ,0,0,5000,0,PST-8, ,108113,C,71,0,0,Heavy Rain, , ,34.1917,-114.5705,34.1866,-114.5672
655111,san bernardino,BANNOCK,08/27/2016,237,Flash Flood, , ,0,0,10000,0,PST-8, ,108113,C,71,0,0,Heavy Rain, , ,35.0438,-114.8439,35.023,-114.8301
646771,siskiyou, ,08/27/2016,1845,Wildfire, , ,0,0,0,0,PST-8, ,107956,Z,80,0,0, , , , , , , 
648247,riverside,DESERT CENTER,08/31/2016,1450,Heavy Rain, , ,0,0,0,0,PST-8, ,108211,C,65,0,0, , , ,33.71,-115.4,33.71,-115.4
647493,siskiyou, ,09/01/2016,0,Wildfire, , ,0,0,0,0,PST-8, ,108063,Z,80,0,0, , , , , , , 
650759,san joaquin, ,09/01/2016,0,Drought, , ,0,0,0,0,PST-8, ,108652,Z,19,0,0, , , , , , , 
650758,motherlode, ,09/01/2016,0,Drought, , ,0,0,0,0,PST-8, ,108652,Z,67,0,0, , , , , , , 
652815,santa barbara, ,09/01/2016,0,Wildfire, , ,0,0,0,0,PST-8, ,108976,Z,52,0,0, , , , , , , 
652814,san luis obispo, ,09/01/2016,0,Wildfire, , ,0,0,0,0,PST-8, ,108976,Z,37,0,0, , , , , , , 
656697,tulare, ,09/01/2016,0,Wildfire, , ,0,0,0,0,PST-8, ,109778,Z,97,0,0, , , , , , , 
656696,kern, ,09/01/2016,0,Wildfire, , ,0,0,0,0,PST-8, ,109778,Z,95,0,0, , , , , , , 
656616,kern, ,09/01/2016,0,Drought, , ,0,0,0,0,PST-8, ,109760,Z,99,0,0, , , , , , , 
656615,indian wells, ,09/01/2016,0,Drought, , ,0,0,0,0,PST-8, ,109760,Z,98,0,0, , , , , , , 
656613,tulare, ,09/01/2016,0,Drought, , ,0,0,0,0,PST-8, ,109760,Z,97,0,0, , , , , , , 
656612,sierra, ,09/01/2016,0,Drought, , ,0,0,0,0,PST-8, ,109760,Z,96,0,0, , , , , , , 
656611,kern, ,09/01/2016,0,Drought, , ,0,0,0,0,PST-8, ,109760,Z,95,0,0, , , , , , , 
656609,tulare, ,09/01/2016,0,Drought, , ,0,0,0,0,PST-8, ,109760,Z,94,0,0, , , , , , , 
656608,sierra, ,09/01/2016,0,Drought, , ,0,0,0,0,PST-8, ,109760,Z,93,0,0, , , , , , , 
656607,san jose, ,09/01/2016,0,Drought, , ,0,0,0,0,PST-8, ,109760,Z,92,0,0, , , , , , , 
656605,san jose, ,09/01/2016,0,Drought, , ,0,0,0,0,PST-8, ,109760,Z,91,0,0, , , , , , , 
656604,san jose, ,09/01/2016,0,Drought, , ,0,0,0,0,PST-8, ,109760,Z,90,0,0, , , , , , , 
656603,san jose, ,09/01/2016,0,Drought, , ,0,0,0,0,PST-8, ,109760,Z,89,0,0, , , , , , , 
648138,sacramento, ,09/05/2016,1628,Wildfire, , ,0,0,0,0,PST-8, ,108187,Z,66,3,0, , , , , , , 
651855,modoc, ,09/17/2016,1519,Wildfire, , ,0,0,0,0,PST-8, ,108816,Z,85,0,0, , , , , , , 
652816,santa barbara, ,09/17/2016,1630,Wildfire, , ,0,0,0,0,PST-8, ,108977,Z,35,0,0, , , , , , , 
661636,san diego,GRANTVILLE,09/19/2016,500,Lightning, , ,0,0,10000,0,PST-8, ,110820,C,73,0,0, , , ,32.7792,-117.0964,32.7792,-117.0964
661637,san diego,GUATAY,09/29/2016,1500,Flood, , ,0,0,0,0,PST-8, ,110821,C,73,0,0,Heavy Rain, , ,32.8311,-116.5457,32.8536,-116.5169
659940,san jose, ,10/01/2016,0,Drought, , ,0,0,0,0,PST-8, ,110476,Z,89,0,0, , , , , , , 
659948,tulare, ,10/01/2016,0,Drought, , ,0,0,0,0,PST-8, ,110476,Z,97,0,0, , , , , , , 
659947,sierra, ,10/01/2016,0,Drought, , ,0,0,0,0,PST-8, ,110476,Z,96,0,0, , , , , , , 
659946,kern, ,10/01/2016,0,Drought, , ,0,0,0,0,PST-8, ,110476,Z,95,0,0, , , , , , , 
659945,tulare, ,10/01/2016,0,Drought, , ,0,0,0,0,PST-8, ,110476,Z,94,0,0, , , , , , , 
659944,sierra, ,10/01/2016,0,Drought, , ,0,0,0,0,PST-8, ,110476,Z,93,0,0, , , , , , , 
659943,san jose, ,10/01/2016,0,Drought, , ,0,0,0,0,PST-8, ,110476,Z,92,0,0, , , , , , , 
659942,san jose, ,10/01/2016,0,Drought, , ,0,0,0,0,PST-8, ,110476,Z,91,0,0, , , , , , , 
